VTS DEVICE NO.,21175OV01274,HASH(0x19a0b78)
VTS DEVICE NO.,21175OV01304,HASH(0xce2b28)
VTS DEVICE NO.,21175OV01264,HASH(0x198a100)
VTS DEVICE NO.,21175OV01259,HASH(0xce1e50)
VTS DEVICE NO.,21175OV00737,HASH(0x19a2bf0)
VTS DEVICE NO.,21175OV00732,HASH(0xce2228)
VTS DEVICE NO.,21175OV01078,HASH(0x19a0020)
VTS DEVICE NO.,21175OV00735,HASH(0x19a2980)
VTS DEVICE NO.,21175OV01273,HASH(0x19a0a40)
VTS DEVICE NO.,21175OV01265,HASH(0xce1f10)
VTS DEVICE NO.,21175OV01266,HASH(0x19a35c8)
VTS DEVICE NO.,21175OV01257,HASH(0x1989f98)
VTS DEVICE NO.,21175OV01275,HASH(0x19a09c8)
VTS DEVICE NO.,2117BOV03127,HASH(0x199ad10)
VTS DEVICE NO.,21175OV00727,HASH(0xce2138)
VTS DEVICE NO.,21175OV01077,HASH(0x199afe0)
VTS DEVICE NO.,21175OV01303,HASH(0xce3ce8)
VTS DEVICE NO.,21175OV01271,HASH(0x19a3220)
VTS DEVICE NO.,21175OV01254,HASH(0x197b218)
VTS DEVICE NO.,21175OV01272,HASH(0x19a3490)
VTS DEVICE NO.,21175OV01277,HASH(0x199b178)
VTS DEVICE NO.,21175OV01258,HASH(0x19a2d28)
VTS DEVICE NO.,21175OV01268,HASH(0x198a508)
VTS DEVICE NO.,21175OV01236,HASH(0xcd54b8)
VTS DEVICE NO.,21175OV01076,HASH(0x199a350)
VTS DEVICE NO.,21175OV01270,HASH(0x19a2fb0)
VTS DEVICE NO.,21175OV01269,HASH(0x19a30e8)
VTS DEVICE NO.,21175OV01260,HASH(0x198a7a8)
VTS DEVICE NO.,21175OV01261,HASH(0x198a580)
VTS DEVICE NO.,21175OV01255,HASH(0x19a3358)
VTS DEVICE NO.,2117BOV03128,HASH(0xce22a0)
VTS DEVICE NO.,2117BOV03125,HASH(0xce2ac8)
VTS DEVICE NO.,21175OV00725,HASH(0x198a880)
VTS DEVICE NO.,2117BOV03126,HASH(0xce2720)
VTS DEVICE NO.,21175OV01253,HASH(0x19a2ab8)
VTS DEVICE NO.,21175OV00738,HASH(0x19a0de8)
VTS DEVICE NO.,21175OV01305,HASH(0xce2c00)
VTS DEVICE NO.,21175OV00736,HASH(0x19a2710)
VTS DEVICE NO.,21175OV00734,HASH(0xce23a8)
VTS DEVICE NO.,21175OV01307,HASH(0xce29a8)
VTS DEVICE NO.,21175OV00726,HASH(0xce2108)
VTS DEVICE NO.,21175OV01267,HASH(0x19a2e60)
VTS DEVICE NO.,21175OV01262,HASH(0x198a0d0)
VTS DEVICE NO.,21175OV01308,HASH(0xce27b0)
VTS DEVICE NO.,21175OV01075,HASH(0x199fee8)
VTS DEVICE NO.,21175OV00739,HASH(0x19a0cb0)
VTS DEVICE NO.,21175OV01256,HASH(0x19a2848)
